[
    {
        "sources": [{
            "src": "https://www.youtube.com/watch?v=mw7Y0jQ8_BU",
            "type": "video/youtube"
        }]
    },
    {
        "sources": [{
            "src": "https://www.youtube.com/watch?v=ywWVE59gwvs",
            "type": "video/youtube"
        }]
    },
    {
        "sources": [{
            "src": "https://www.youtube.com/watch?v=X3khCpinSk",
            "type": "video/youtube"
        }]
    },
    {
        "sources": [{
            "src": "https://www.youtube.com/watch?v=xqY59FOcUy8",
            "type": "video/youtube"
        }]
    },
    {
        "sources": [{
            "src": "https://www.youtube.com/watch?v=8GDkIxoADN8",
            "type": "video/youtube"
        }]
    },
    {
        "sources": [{
            "src": "https://www.youtube.com/watch?v=p8A3ULXgV3E",
            "type": "video/youtube"
        }]
    },
    {
        "sources": [{
            "src": "https://www.youtube.com/watch?v=0BVs_3zQ4Zc",
            "type": "video/youtube"
        }]
    },
    {
        "sources": [{
            "src": "https://www.youtube.com/watch?v=BzUepNeZw",
            "type": "video/youtube"
        }]
    },
    {
        "sources": [{
            "src": "https://www.youtube.com/watch?v=g20t_K9dlhU",
            "type": "video/youtube"
        }]
    },
    {
        "sources": [{
            "src": "https://www.youtube.com/watch?v=9psZYu4aXxs",
            "type": "video/youtube"
        }]
    },
    {
        "sources": [{
            "src": "https://www.youtube.com/watch?v=fRAr0pj0gGE",
            "type": "video/youtube"
        }]
    },
    {
        "sources": [{
            "src": "https://www.youtube.com/watch?v=AmduqflT79M",
            "type": "video/youtube"
        }]
    }
]