<?xml version="1.0" encoding="utf-8"?><feed xmlns="http://www.w3.org/2005/Atom" ><generator uri="https://jekyllrb.com/" version="4.0.1">Jekyll</generator><link href="http://localhost:4000/feed.xml" rel="self" type="application/atom+xml" /><link href="http://localhost:4000/" rel="alternate" type="text/html" /><updated>2022-04-30T13:29:40+09:00</updated><id>http://localhost:4000/feed.xml</id><title type="html">Minuetchoi-music</title><subtitle></subtitle><entry><title type="html">浜崎あゆみ - dearest(犬夜叉)</title><link href="http://localhost:4000/ani/2022/06/17/%E6%B5%9C%E5%B4%8E%E3%81%82%E3%82%86%E3%81%BF-dearest(%E7%8A%AC%E5%A4%9C%E5%8F%89).html" rel="alternate" type="text/html" title="浜崎あゆみ - dearest(犬夜叉)" /><published>2022-06-17T23:00:00+09:00</published><updated>2022-06-17T23:00:00+09:00</updated><id>http://localhost:4000/ani/2022/06/17/%E6%B5%9C%E5%B4%8E%E3%81%82%E3%82%86%E3%81%BF%20-%20dearest(%E7%8A%AC%E5%A4%9C%E5%8F%89)</id><content type="html" xml:base="http://localhost:4000/ani/2022/06/17/%E6%B5%9C%E5%B4%8E%E3%81%82%E3%82%86%E3%81%BF-dearest(%E7%8A%AC%E5%A4%9C%E5%8F%89).html"><![CDATA[<div class="video-container">
    <video id="player" class="video-js vjs-default-skin vjs-big-play-centered" data-json="/public/json/ani/浜崎あゆみ - dearest(犬夜叉).json"></video>
</div>

<div class="highlighter-rouge"><div class="highlight"><pre class="highlight"><code>本当に大切なもの以外
全て捨ててしまえたら
いいのにね
現実はただ残酷で

そんな時いつだって
目を閉じれば
笑ってる君がいる

Ah- いつか永遠の
眠りにつく日まで
どうかその笑顔が
絶え間なくある様に

人間（ヒト）は皆悲しいかな
忘れゆく 生き物だけど

愛すべきもののため
愛をくれるもののため
できること

Ah- 出会ったあの頃は
全てが不器用で
遠まわりしたよね
傷つけ合ったよね

Ah- いつか永遠の
眠りにつく日まで
どうかその笑顔が
絶え間なくある様に

Ah- 出会ったあの頃は
全てが不器用で
遠回りしたけど
辿りついたんだね
</code></pre></div></div>]]></content><author><name></name></author><category term="ani" /><summary type="html"><![CDATA[]]></summary></entry><entry><title type="html">do as infinity - 深い森(犬夜叉)</title><link href="http://localhost:4000/ani/2022/06/16/do-as-infinity-%E6%B7%B1%E3%81%84%E6%A3%AE(%E7%8A%AC%E5%A4%9C%E5%8F%89).html" rel="alternate" type="text/html" title="do as infinity - 深い森(犬夜叉)" /><published>2022-06-16T23:00:00+09:00</published><updated>2022-06-16T23:00:00+09:00</updated><id>http://localhost:4000/ani/2022/06/16/do%20as%20infinity%20-%20%E6%B7%B1%E3%81%84%E6%A3%AE(%E7%8A%AC%E5%A4%9C%E5%8F%89)</id><content type="html" xml:base="http://localhost:4000/ani/2022/06/16/do-as-infinity-%E6%B7%B1%E3%81%84%E6%A3%AE(%E7%8A%AC%E5%A4%9C%E5%8F%89).html"><![CDATA[<div class="video-container">
    <video id="player" class="video-js vjs-default-skin vjs-big-play-centered" data-json="/public/json/ani/do as infinity - 深い森(犬夜叉).json"></video>
</div>

<div class="highlighter-rouge"><div class="highlight"><pre class="highlight"><code>深い深い森の奥に 今もきっと
置きざりにした心 隠してるよ

探すほどの力もなく 疲れ果てた
人々は永遠の闇に消える

小さいままなら きっと 今でも見えたかな

僕たちは 生きるほどに 失くしてく 少しずつ
偽りや嘘をまとい 立ちすくむ 声もなく

蒼い蒼い空の色も 気付かないまま
過ぎてゆく毎日が 変わってゆく

つくられた枠組みを越え 今を生きて
錆びついた心 また動き出すよ

時のリズムを知れば もう一度 飛べるだろう

僕たちは さまよいながら 生きてゆくどこまでも
信じてる 光求め 歩きだす 君と今

僕たちは 生きるほどに 失くしてく 少しずつ
偽りや嘘をまとい 立ちすくむ 声もなく

僕たちは さまよいながら 生きてゆく どこまでも
振り返る道をとざし 歩いてく 永遠に

立ちすくむ 声もなく 生きてゆく 永遠に
</code></pre></div></div>]]></content><author><name></name></author><category term="ani" /><summary type="html"><![CDATA[]]></summary></entry><entry><title type="html">林原 めぐみ - breeze(SLAYERS TRY)</title><link href="http://localhost:4000/ani/2022/06/15/%E6%9E%97%E5%8E%9F-%E3%82%81%E3%81%90%E3%81%BF-breeze(SLAYERS-TRY).html" rel="alternate" type="text/html" title="林原 めぐみ - breeze(SLAYERS TRY)" /><published>2022-06-15T23:00:00+09:00</published><updated>2022-06-15T23:00:00+09:00</updated><id>http://localhost:4000/ani/2022/06/15/%E6%9E%97%E5%8E%9F%20%E3%82%81%E3%81%90%E3%81%BF%20-%20breeze(SLAYERS%20TRY)</id><content type="html" xml:base="http://localhost:4000/ani/2022/06/15/%E6%9E%97%E5%8E%9F-%E3%82%81%E3%81%90%E3%81%BF-breeze(SLAYERS-TRY).html"><![CDATA[<div class="video-container">
    <video id="player" class="video-js vjs-default-skin vjs-big-play-centered" data-json="/public/json/ani/林原 めぐみ - breeze(SLAYERS TRY).json"></video>
</div>

<div class="highlighter-rouge"><div class="highlight"><pre class="highlight"><code>高い空を鳥になって飛びたい
はるか遠い 希望を目指して
身下ろしたら 小さな自分がいて
ただ我武者羅 生きてるだろうと
こんな風に今を 見つめる事出來るなら
キズつく事もなく 明日も怖くない
風に乘って 夢の彼方へ 飛んで行きたい
勇氣と言う翼をつけて
鳥になって 身下ろす心
持ちつづけたい
リアルなひびに 負けないよう

險しい道 獸だけ鳴くように
かき分けたら 轉ぶ事もない
でも人間なんて 迷わされてるばかりで
孤獨と戰った 强さを持たない
風に乘って 夢の彼方へ きっと行きたい
勇氣と言う瞳こらして
獸よりも險しい道を 步いてもまだ
あきらめない心 無くさずに

ちっぽけな自分を 見つける事出來るなら
キズつく事もなく 明日も怖くない
風に乘って 夢の彼方へ 飛んで行きたい
勇氣と言う翼をつけて
鳥になって身下ろす心
持ちつづけたい
リアルなひびに負けないよう
</code></pre></div></div>]]></content><author><name></name></author><category term="ani" /><summary type="html"><![CDATA[]]></summary></entry><entry><title type="html">林原 めぐみ - Give a reason(SLAYERS NEXT)</title><link href="http://localhost:4000/ani/2022/06/14/%E6%9E%97%E5%8E%9F-%E3%82%81%E3%81%90%E3%81%BF-Give-a-reason(SLAYERS-NEXT).html" rel="alternate" type="text/html" title="林原 めぐみ - Give a reason(SLAYERS NEXT)" /><published>2022-06-14T23:00:00+09:00</published><updated>2022-06-14T23:00:00+09:00</updated><id>http://localhost:4000/ani/2022/06/14/%E6%9E%97%E5%8E%9F%20%E3%82%81%E3%81%90%E3%81%BF%20-%20Give%20a%20reason(SLAYERS%20NEXT)</id><content type="html" xml:base="http://localhost:4000/ani/2022/06/14/%E6%9E%97%E5%8E%9F-%E3%82%81%E3%81%90%E3%81%BF-Give-a-reason(SLAYERS-NEXT).html"><![CDATA[<div class="video-container">
    <video id="player" class="video-js vjs-default-skin vjs-big-play-centered" data-json="/public/json/ani/林原 めぐみ - Give a reason(SLAYERS NEXT).json"></video>
</div>

<div class="highlighter-rouge"><div class="highlight"><pre class="highlight"><code>目まぐるしい 時間の群れが
走り抜ける 都市はサバンナ
かわるがわる シュールなニュース
明日になれば 誰も忘れている
生きている 今、生きている
そんな中で 何かを求め
もがくように 抜け出すように
この力を試してみたくて

きっとどこかに「答」ある
生まれてきた答が
人は皆、それを求め
やるせない のがせない 夢に向かうの

傷つく事は恐くない
だけどけして強くない
ただ、何もしないままで
悔やんだりはしたくない
Here we go! go! 走り続ける
誰にも止められはしない
未来の自分へと Give a reason for life
届けたい

計り知れない 大きな闇が
音を立てて 向かって来ても
朝が来れば 誰かが居れば
心にある 絶望は消せる

もっと強くイメージして
微笑んでる自分を…
信じてる思い、それが
何よりも 誰よりも 夢に近づく

ゴールにもたれたりしない
たとえ、辿り着いたって
新しい夢がきっと 私の背中押すから
Here we go! go! 走り続ける
誰にも止められはしない
未来の自分へと Give a reason for life
届けたい

きっとどこかに「答」ある
生まれてきた答が
人は皆、それを求め
やるせない のがせない 夢に向かうの

傷つく事は恐くない
だけどけして強くない
ただ、何もしないままで
悔やんだりはしたくない
Here we go! go! 走り続ける
誰にも止められはしない
未来の自分へと Give a reason for life
届けたい
</code></pre></div></div>]]></content><author><name></name></author><category term="ani" /><summary type="html"><![CDATA[]]></summary></entry><entry><title type="html">林原 めぐみ&amp;amp;雅美奥井 - get along(SLAYERS)</title><link href="http://localhost:4000/ani/2022/06/13/%E6%9E%97%E5%8E%9F-%E3%82%81%E3%81%90%E3%81%BF&%E9%9B%85%E7%BE%8E%E5%A5%A5%E4%BA%95-get-along(SLAYERS).html" rel="alternate" type="text/html" title="林原 めぐみ&amp;amp;雅美奥井 - get along(SLAYERS)" /><published>2022-06-13T23:00:00+09:00</published><updated>2022-06-13T23:00:00+09:00</updated><id>http://localhost:4000/ani/2022/06/13/%E6%9E%97%E5%8E%9F%20%E3%82%81%E3%81%90%E3%81%BF&amp;%E9%9B%85%E7%BE%8E%E5%A5%A5%E4%BA%95%20-%20get%20along(SLAYERS)</id><content type="html" xml:base="http://localhost:4000/ani/2022/06/13/%E6%9E%97%E5%8E%9F-%E3%82%81%E3%81%90%E3%81%BF&amp;%E9%9B%85%E7%BE%8E%E5%A5%A5%E4%BA%95-get-along(SLAYERS).html"><![CDATA[<div class="video-container">
    <video id="player" class="video-js vjs-default-skin vjs-big-play-centered" data-json="/public/json/ani/林原 めぐみ&amp;雅美奥井 - get along(SLAYERS).json"></video>
</div>

<div class="highlighter-rouge"><div class="highlight"><pre class="highlight"><code>立ち向かう先に乾いた風
激しく吹き荒れても
呪文の一つも唱えたなら
私のペースになる
誰もがうらやむこのパワーと
美貌が許さないわ
どんな相手でも怯まないで
マントをなびかせるの
あれもしたい これもしたい
女の子に見えたって
油断したら地獄行きよ
邪魔はさせないから
Far away 思うまま我がままに
旅を続けて行きたい
辛い日々も笑顔でピリオドよ
Far away 幾つもの魔力抱いて
今日を越えて行きたいの
未来に向かい歩き続けて行く
限りないほど
Get along try again
退屈な時は悪い奴ら
ターゲットに気晴らし
ストレスも飛んで
お宝まで手にすれば
やめられない
お気楽にちょっと遊ぶ度に
満たされた気分だわ
スリリングな日のエッセンスは
美味しくなくちゃダメね
あれも欲しい これも欲しい
女の子は欲張りよ
生きることは綺麗事じゃ
通り抜けられない
Far away 思うまま我がままに
旅を続けて行きたい
辛い日々も笑顔でピリオドよ
Far away 何時でも独りじゃない
力合わせ遙か先
未来に向かい歩き続けて行く
限りないほど
Get along try again

Far away 思うまま我がままに
旅を続けて行きたい
辛い日々も笑顔でピリオドよ
Far away 幾つもの魔力抱いて
今日を越えて行きたいの
未来に向かい歩き続けて行く
Far away 何時でも独りじゃない
力合わせ遙か先
未来に向かい歩き続けて行く
限りないほど
Get along try again
</code></pre></div></div>]]></content><author><name></name></author><category term="ani" /><summary type="html"><![CDATA[]]></summary></entry><entry><title type="html">L’Arc~en~Ciel - blurry eyes(DNA2)</title><link href="http://localhost:4000/ani/2022/06/12/L'Arc~en~Ciel-blurry-eyes(DNA2).html" rel="alternate" type="text/html" title="L’Arc~en~Ciel - blurry eyes(DNA2)" /><published>2022-06-12T23:00:00+09:00</published><updated>2022-06-12T23:00:00+09:00</updated><id>http://localhost:4000/ani/2022/06/12/L&apos;Arc~en~Ciel%20-%20blurry%20eyes(DNA2)</id><content type="html" xml:base="http://localhost:4000/ani/2022/06/12/L&apos;Arc~en~Ciel-blurry-eyes(DNA2).html"><![CDATA[<div class="video-container">
    <video id="player" class="video-js vjs-default-skin vjs-big-play-centered" data-json="/public/json/ani/L'Arc~en~Ciel - blurry eyes(DNA2).json"></video>
</div>

<div class="highlighter-rouge"><div class="highlight"><pre class="highlight"><code>遠くの風を身にまとう貴方には
届かない言葉並べてみても
また視線は何処か窓の向こう

変わらない予感は続いている
あの日々さえ曇って...

籠の中の鳥のような虚ろな目に
触れている午後の日差しはまるで
貴方を外へ誘う光

変わらない予感は続いている
あの日々さえ曇ってしまう

めぐり来る季節に約束を奪われそう
この両手差しのべても心は離れて eh, yeah, yeah, yeah

Why do you stare at the sky
With your blurry eyes?

めぐり来る季節に約束を奪われそう
この両手差しのべても心は離れて

めぐり来る季節に大切な人はもう...
振り向いたその瞳に小さな溜息 (Your blurry eyes)
どうみあわ (Your blurry eyes)
心は (Your blurry eyes)
離れて (Your blurry eyes)
ゆく oh, yeah, yeah
Oh, yeah!
Uh!
</code></pre></div></div>]]></content><author><name></name></author><category term="ani" /><summary type="html"><![CDATA[]]></summary></entry><entry><title type="html">笠原弘子 - 約束の土地へ</title><link href="http://localhost:4000/ani/2022/06/11/%E7%AC%A0%E5%8E%9F%E5%BC%98%E5%AD%90-%E7%B4%84%E6%9D%9F%E3%81%AE%E5%9C%9F%E5%9C%B0%E3%81%B8.html" rel="alternate" type="text/html" title="笠原弘子 - 約束の土地へ" /><published>2022-06-11T23:00:00+09:00</published><updated>2022-06-11T23:00:00+09:00</updated><id>http://localhost:4000/ani/2022/06/11/%E7%AC%A0%E5%8E%9F%E5%BC%98%E5%AD%90%20-%20%E7%B4%84%E6%9D%9F%E3%81%AE%E5%9C%9F%E5%9C%B0%E3%81%B8</id><content type="html" xml:base="http://localhost:4000/ani/2022/06/11/%E7%AC%A0%E5%8E%9F%E5%BC%98%E5%AD%90-%E7%B4%84%E6%9D%9F%E3%81%AE%E5%9C%9F%E5%9C%B0%E3%81%B8.html"><![CDATA[<div class="video-container">
    <video id="player" class="video-js vjs-default-skin vjs-big-play-centered" data-json="/public/json/ani/笠原弘子 - 約束の土地へ.json"></video>
</div>

<div class="highlighter-rouge"><div class="highlight"><pre class="highlight"><code>ああ　約束の土地へ　どうぞ　導いて
罪人の群れを

螺旋階段へと　非常口を
飛び出したら
42階から　見おろすのは　欲望の街
だれも気づかないけど　滅亡（ほろび）の唄が　低く
流れてる
だから　駆け降りるの

ああ　約束の土地へ
どうぞ　導いて
罪人の群れを
ああ　汚れ一つない
人はいない
いきていく　そのことが　たたかいだから

閉ざされた　回路に
入り込める　パスワードは…？
見えない幸せに
届く道は　まだ　遠くて
誰も　気づかなくても
愛する人を　照らす
星くずの　ひとつになりたいわ

ああ　洗い流す雨
今　降り注いで
罪人の　群れに
ああ　心から汚れた
人は　いない
雲間から　降りてくる　光が　欲しい

ああ　約束の土地へ
どうぞ　導いて
はるかな　まなざし
ああ　汚れひとつない
人はいない
いきていく　そのことが　たたかいだから
</code></pre></div></div>]]></content><author><name></name></author><category term="ani" /><summary type="html"><![CDATA[]]></summary></entry><entry><title type="html">BAAD - 君が好きだと叫びたい(SLAM DUNK)</title><link href="http://localhost:4000/ani/2022/06/10/BAAD-%E5%90%9B%E3%81%8C%E5%A5%BD%E3%81%8D%E3%81%A0%E3%81%A8%E5%8F%AB%E3%81%B3%E3%81%9F%E3%81%84(SLAM-DUNK).html" rel="alternate" type="text/html" title="BAAD - 君が好きだと叫びたい(SLAM DUNK)" /><published>2022-06-10T23:00:00+09:00</published><updated>2022-06-10T23:00:00+09:00</updated><id>http://localhost:4000/ani/2022/06/10/BAAD%20-%20%E5%90%9B%E3%81%8C%E5%A5%BD%E3%81%8D%E3%81%A0%E3%81%A8%E5%8F%AB%E3%81%B3%E3%81%9F%E3%81%84(SLAM%20DUNK)</id><content type="html" xml:base="http://localhost:4000/ani/2022/06/10/BAAD-%E5%90%9B%E3%81%8C%E5%A5%BD%E3%81%8D%E3%81%A0%E3%81%A8%E5%8F%AB%E3%81%B3%E3%81%9F%E3%81%84(SLAM-DUNK).html"><![CDATA[<div class="video-container">
    <video id="player" class="video-js vjs-default-skin vjs-big-play-centered" data-json="/public/json/ani/BAAD - 君が好きだと叫びたい(SLAM DUNK).json"></video>
</div>

<div class="highlighter-rouge"><div class="highlight"><pre class="highlight"><code>眩しい陽差しを背に 走り出す街の中
たたかれた いつものように肩を
君に夢中なことに 理由(わけ)なんてないのに
その腕は 絡むことはない

いつの間にか瞳 奪われて始まった
離さない 揺るがない Crazy for you

君が好きだと叫びたい 明日を変えてみよう
凍りついてく時間(とき)を ぶち壊したい
君が好きだと叫びたい 勇気で踏み出そう
この熱い想いを 受け止めてほしい

ざわめいたフロアに にぎわうテーブル越し
なにげない 君の視線に酔いしれ
恋をしているようで 躍らされてるような
高鳴る鼓動に もううそはつけない

いつになれば変わる このもどかしい友情
届けたい 確かめたい I take you away

君が好きだと叫びたい 何もかも脱ぎ捨て
心とかす言葉を見つけ出したい
君が好きだと叫びたい 今夜は帰さない
見つめるだけの日々なんて 終わりにしよう I wanna cry for you

君が好きだと叫びたい 明日を変えてみよう
凍りついてく時間(とき)を ぶち壊したい
君が好きだと叫びたい 勇気で踏み出そう
この熱い想いを 受け止めてほしい

I wanna cry for you
</code></pre></div></div>]]></content><author><name></name></author><category term="ani" /><summary type="html"><![CDATA[]]></summary></entry><entry><title type="html">田村直美 - ゆずれない願い(魔法騎士レイアース)</title><link href="http://localhost:4000/ani/2022/06/09/%E7%94%B0%E6%9D%91%E7%9B%B4%E7%BE%8E-%E3%82%86%E3%81%9A%E3%82%8C%E3%81%AA%E3%81%84%E9%A1%98%E3%81%84(%E9%AD%94%E6%B3%95%E9%A8%8E%E5%A3%AB%E3%83%AC%E3%82%A4%E3%82%A2%E3%83%BC%E3%82%B9).html" rel="alternate" type="text/html" title="田村直美 - ゆずれない願い(魔法騎士レイアース)" /><published>2022-06-09T23:00:00+09:00</published><updated>2022-06-09T23:00:00+09:00</updated><id>http://localhost:4000/ani/2022/06/09/%E7%94%B0%E6%9D%91%E7%9B%B4%E7%BE%8E%20-%20%E3%82%86%E3%81%9A%E3%82%8C%E3%81%AA%E3%81%84%E9%A1%98%E3%81%84(%E9%AD%94%E6%B3%95%E9%A8%8E%E5%A3%AB%E3%83%AC%E3%82%A4%E3%82%A2%E3%83%BC%E3%82%B9)</id><content type="html" xml:base="http://localhost:4000/ani/2022/06/09/%E7%94%B0%E6%9D%91%E7%9B%B4%E7%BE%8E-%E3%82%86%E3%81%9A%E3%82%8C%E3%81%AA%E3%81%84%E9%A1%98%E3%81%84(%E9%AD%94%E6%B3%95%E9%A8%8E%E5%A3%AB%E3%83%AC%E3%82%A4%E3%82%A2%E3%83%BC%E3%82%B9).html"><![CDATA[<div class="video-container">
    <video id="player" class="video-js vjs-default-skin vjs-big-play-centered" data-json="/public/json/ani/田村直美 - ゆずれない願い(魔法騎士レイアース).json"></video>
</div>

<div class="highlighter-rouge"><div class="highlight"><pre class="highlight"><code>止まらない未来を目指して
ゆずれない願いを抱きしめて
海の色が紅く染まってゆく
無重力状態
このまま風にさらわれたい
いつも跳べないハードルを
負けない気持ちで
クリアしてきたけど
出し切れない実力は誰のせい?
止まらない未来を目指して
ゆずれない願いを抱きしめて
色褪せない心の地図光にかざそう
どれだけ泣けば朝に出逢えるの
孤独な夜初めて限界を感じた日
きっと恋に落ちるのは
まばたきみたいな一瞬の情熱だけど
愛に続く坂道で強さ覚えたい
止まらない未来を夢見て
口を閉ざし瞳を光らせてきたけれど
もっと大きな優しさが見えた

跳べないハードルを
負けない気持ちで
クリアしてきたけど
スタートラインに立つたびに
怯えていた
止まらない未来を描いて
腕を伸ばし心を開いて
止まらない未来を目指して
ゆずれない願いを抱きしめて
色褪せない心の地図
光にかざそう
</code></pre></div></div>]]></content><author><name></name></author><category term="ani" /><summary type="html"><![CDATA[]]></summary></entry><entry><title type="html">佐藤朱美 - いとおしい人のために(ふしぎ遊戯)</title><link href="http://localhost:4000/ani/2022/06/08/%E4%BD%90%E8%97%A4%E6%9C%B1%E7%BE%8E-%E3%81%84%E3%81%A8%E3%81%8A%E3%81%97%E3%81%84%E4%BA%BA%E3%81%AE%E3%81%9F%E3%82%81%E3%81%AB(%E3%81%B5%E3%81%97%E3%81%8E%E9%81%8A%E6%88%AF).html" rel="alternate" type="text/html" title="佐藤朱美 - いとおしい人のために(ふしぎ遊戯)" /><published>2022-06-08T23:00:00+09:00</published><updated>2022-06-08T23:00:00+09:00</updated><id>http://localhost:4000/ani/2022/06/08/%E4%BD%90%E8%97%A4%E6%9C%B1%E7%BE%8E%20-%20%E3%81%84%E3%81%A8%E3%81%8A%E3%81%97%E3%81%84%E4%BA%BA%E3%81%AE%E3%81%9F%E3%82%81%E3%81%AB(%E3%81%B5%E3%81%97%E3%81%8E%E9%81%8A%E6%88%AF)</id><content type="html" xml:base="http://localhost:4000/ani/2022/06/08/%E4%BD%90%E8%97%A4%E6%9C%B1%E7%BE%8E-%E3%81%84%E3%81%A8%E3%81%8A%E3%81%97%E3%81%84%E4%BA%BA%E3%81%AE%E3%81%9F%E3%82%81%E3%81%AB(%E3%81%B5%E3%81%97%E3%81%8E%E9%81%8A%E6%88%AF).html"><![CDATA[<div class="video-container">
    <video id="player" class="video-js vjs-default-skin vjs-big-play-centered" data-json="/public/json/ani/佐藤朱美 - いとおしい人のために(ふしぎ遊戯).json"></video>
</div>

<div class="highlighter-rouge"><div class="highlight"><pre class="highlight"><code>舞い上がれ! 朱雀Miracle・ラー
伝説が 動き出して
真実の 私が拡がる
(遠く響く ウォアイニー) あなたに導かれて
(目覚めてゆく 魂) 光りだすもう1つの世界

いとおしい人のために 今何が出来るかな?
叶わない夢はないよ! まっすぐに 信じてる

天と地の間にある
めくるめく 冒険に夢中

あなたに見守られて
(愛は光る 星座) 思い出すもう1つの奇蹟

一生一度の出逢い 魂に刻んでね
どんな時だって愛は 救いだと 思うから
いとおしい人のために 今何が出来るかな?
叶わない夢はないよ! まっすぐに 信じてる
(無限へと 開け ふしぎ遊戯)
</code></pre></div></div>]]></content><author><name></name></author><category term="ani" /><summary type="html"><![CDATA[]]></summary></entry></feed>