[
    {
        "sources": [{
            "src": "https://www.youtube.com/watch?v=mKBod2lOGgU",
            "type": "video/youtube"
        }]
    },
    {
        "sources": [{
            "src": "https://www.youtube.com/watch?v=vq1bCRautPg",
            "type": "video/youtube"
        }]
    },
    {
        "sources": [{
            "src": "https://www.youtube.com/watch?v=GiS4OfieuuM",
            "type": "video/youtube"
        }]
    },
    {
        "sources": [{
            "src": "https://www.youtube.com/watch?v=zCo6dGZa_6M",
            "type": "video/youtube"
        }]
    },
    {
        "sources": [{
            "src": "https://www.youtube.com/watch?v=60webKebVAA",
            "type": "video/youtube"
        }]
    },
    {
        "sources": [{
            "src": "https://www.youtube.com/watch?v=-mcwyJz_uQY",
            "type": "video/youtube"
        }]
    }
]